Grupo de edad;Nivel de formación;Sexo;periodo;Total
De 25 a 64 años;Nivel 0-2;Total;2023;35,8
De 25 a 64 años;Nivel 0-2;Total;2022;36,3
De 25 a 64 años;Nivel 0-2;Total;2021;36,6
De 25 a 64 años;Nivel 0-2;Total;2020;37,1
De 25 a 64 años;Nivel 0-2;Total;2019;38,7
De 25 a 64 años;Nivel 0-2;Total;2018;39,9
De 25 a 64 años;Nivel 0-2;Total;2017;40,9
De 25 a 64 años;Nivel 0-2;Total;2016;41,7
De 25 a 64 años;Nivel 0-2;Total;2015;42,6
De 25 a 64 años;Nivel 0-2;Total;2014;43,4
De 25 a 64 años;Nivel 0-2;Total;2013;44,5
De 25 a 64 años;Nivel 0-2;Total;2012;45,3
De 25 a 64 años;Nivel 0-2;Total;2011;46,0
De 25 a 64 años;Nivel 0-2;Total;2010;47,1
De 25 a 64 años;Nivel 0-2;Total;2009;48,4
De 25 a 64 años;Nivel 0-2;Total;2008;48,9
De 25 a 64 años;Nivel 0-2;Total;2007;49,4
De 25 a 64 años;Nivel 0-2;Total;2006;50,3
De 25 a 64 años;Nivel 0-2;Total;2005;51,2
De 25 a 64 años;Nivel 0-2;Total;2004;54,6
De 25 a 64 años;Nivel 0-2;Hombres;2023;39,2
De 25 a 64 años;Nivel 0-2;Hombres;2022;39,6
De 25 a 64 años;Nivel 0-2;Hombres;2021;39,9
De 25 a 64 años;Nivel 0-2;Hombres;2020;40,2
De 25 a 64 años;Nivel 0-2;Hombres;2019;41,7
De 25 a 64 años;Nivel 0-2;Hombres;2018;42,8
De 25 a 64 años;Nivel 0-2;Hombres;2017;43,5
De 25 a 64 años;Nivel 0-2;Hombres;2016;44,3
De 25 a 64 años;Nivel 0-2;Hombres;2015;44,7
De 25 a 64 años;Nivel 0-2;Hombres;2014;45,2
De 25 a 64 años;Nivel 0-2;Hombres;2013;46,6
De 25 a 64 años;Nivel 0-2;Hombres;2012;47,1
De 25 a 64 años;Nivel 0-2;Hombres;2011;47,4
De 25 a 64 años;Nivel 0-2;Hombres;2010;48,3
De 25 a 64 años;Nivel 0-2;Hombres;2009;49,4
De 25 a 64 años;Nivel 0-2;Hombres;2008;49,5
De 25 a 64 años;Nivel 0-2;Hombres;2007;49,7
De 25 a 64 años;Nivel 0-2;Hombres;2006;50,8
De 25 a 64 años;Nivel 0-2;Hombres;2005;51,4
De 25 a 64 años;Nivel 0-2;Hombres;2004;54,6
De 25 a 64 años;Nivel 0-2;Mujeres;2023;32,5
De 25 a 64 años;Nivel 0-2;Mujeres;2022;33,1
De 25 a 64 años;Nivel 0-2;Mujeres;2021;33,2
De 25 a 64 años;Nivel 0-2;Mujeres;2020;34,1
De 25 a 64 años;Nivel 0-2;Mujeres;2019;35,7
De 25 a 64 años;Nivel 0-2;Mujeres;2018;37,0
De 25 a 64 años;Nivel 0-2;Mujeres;2017;38,3
De 25 a 64 años;Nivel 0-2;Mujeres;2016;39,1
De 25 a 64 años;Nivel 0-2;Mujeres;2015;40,4
De 25 a 64 años;Nivel 0-2;Mujeres;2014;41,6
De 25 a 64 años;Nivel 0-2;Mujeres;2013;42,5
De 25 a 64 años;Nivel 0-2;Mujeres;2012;43,6
De 25 a 64 años;Nivel 0-2;Mujeres;2011;44,5
De 25 a 64 años;Nivel 0-2;Mujeres;2010;45,9
De 25 a 64 años;Nivel 0-2;Mujeres;2009;47,4
De 25 a 64 años;Nivel 0-2;Mujeres;2008;48,3
De 25 a 64 años;Nivel 0-2;Mujeres;2007;49,0
De 25 a 64 años;Nivel 0-2;Mujeres;2006;49,9
De 25 a 64 años;Nivel 0-2;Mujeres;2005;51,1
De 25 a 64 años;Nivel 0-2;Mujeres;2004;54,7
De 25 a 64 años;Nivel 3-8;Total;2023;64,2
De 25 a 64 años;Nivel 3-8;Total;2022;63,7
De 25 a 64 años;Nivel 3-8;Total;2021;63,4
De 25 a 64 años;Nivel 3-8;Total;2020;62,9
De 25 a 64 años;Nivel 3-8;Total;2019;61,3
De 25 a 64 años;Nivel 3-8;Total;2018;60,1
De 25 a 64 años;Nivel 3-8;Total;2017;59,1
De 25 a 64 años;Nivel 3-8;Total;2016;58,3
De 25 a 64 años;Nivel 3-8;Total;2015;57,4
De 25 a 64 años;Nivel 3-8;Total;2014;56,6
De 25 a 64 años;Nivel 3-8;Total;2013;55,5
De 25 a 64 años;Nivel 3-8;Total;2012;54,7
De 25 a 64 años;Nivel 3-8;Total;2011;54,0
De 25 a 64 años;Nivel 3-8;Total;2010;52,9
De 25 a 64 años;Nivel 3-8;Total;2009;51,6
De 25 a 64 años;Nivel 3-8;Total;2008;51,1
De 25 a 64 años;Nivel 3-8;Total;2007;50,6
De 25 a 64 años;Nivel 3-8;Total;2006;49,7
De 25 a 64 años;Nivel 3-8;Total;2005;48,8
De 25 a 64 años;Nivel 3-8;Total;2004;45,4
De 25 a 64 años;Nivel 3-8;Hombres;2023;60,8
De 25 a 64 años;Nivel 3-8;Hombres;2022;60,4
De 25 a 64 años;Nivel 3-8;Hombres;2021;60,1
De 25 a 64 años;Nivel 3-8;Hombres;2020;59,8
De 25 a 64 años;Nivel 3-8;Hombres;2019;58,3
De 25 a 64 años;Nivel 3-8;Hombres;2018;57,2
De 25 a 64 años;Nivel 3-8;Hombres;2017;56,5
De 25 a 64 años;Nivel 3-8;Hombres;2016;55,7
De 25 a 64 años;Nivel 3-8;Hombres;2015;55,3
De 25 a 64 años;Nivel 3-8;Hombres;2014;54,8
De 25 a 64 años;Nivel 3-8;Hombres;2013;53,4
De 25 a 64 años;Nivel 3-8;Hombres;2012;52,9
De 25 a 64 años;Nivel 3-8;Hombres;2011;52,6
De 25 a 64 años;Nivel 3-8;Hombres;2010;51,7
De 25 a 64 años;Nivel 3-8;Hombres;2009;50,6
De 25 a 64 años;Nivel 3-8;Hombres;2008;50,5
De 25 a 64 años;Nivel 3-8;Hombres;2007;50,3
De 25 a 64 años;Nivel 3-8;Hombres;2006;49,2
De 25 a 64 años;Nivel 3-8;Hombres;2005;48,6
De 25 a 64 años;Nivel 3-8;Hombres;2004;45,4
De 25 a 64 años;Nivel 3-8;Mujeres;2023;67,5
De 25 a 64 años;Nivel 3-8;Mujeres;2022;66,9
De 25 a 64 años;Nivel 3-8;Mujeres;2021;66,8
De 25 a 64 años;Nivel 3-8;Mujeres;2020;65,9
De 25 a 64 años;Nivel 3-8;Mujeres;2019;64,3
De 25 a 64 años;Nivel 3-8;Mujeres;2018;63,0
De 25 a 64 años;Nivel 3-8;Mujeres;2017;61,7
De 25 a 64 años;Nivel 3-8;Mujeres;2016;60,9
De 25 a 64 años;Nivel 3-8;Mujeres;2015;59,6
De 25 a 64 años;Nivel 3-8;Mujeres;2014;58,4
De 25 a 64 años;Nivel 3-8;Mujeres;2013;57,5
De 25 a 64 años;Nivel 3-8;Mujeres;2012;56,4
De 25 a 64 años;Nivel 3-8;Mujeres;2011;55,5
De 25 a 64 años;Nivel 3-8;Mujeres;2010;54,1
De 25 a 64 años;Nivel 3-8;Mujeres;2009;52,6
De 25 a 64 años;Nivel 3-8;Mujeres;2008;51,7
De 25 a 64 años;Nivel 3-8;Mujeres;2007;51,0
De 25 a 64 años;Nivel 3-8;Mujeres;2006;50,1
De 25 a 64 años;Nivel 3-8;Mujeres;2005;48,9
De 25 a 64 años;Nivel 3-8;Mujeres;2004;45,3
De 25 a 64 años;Nivel 3-4;Total;2023;22,7
De 25 a 64 años;Nivel 3-4;Total;2022;23,0
De 25 a 64 años;Nivel 3-4;Total;2021;23,1
De 25 a 64 años;Nivel 3-4;Total;2020;23,2
De 25 a 64 años;Nivel 3-4;Total;2019;22,7
De 25 a 64 años;Nivel 3-4;Total;2018;22,9
De 25 a 64 años;Nivel 3-4;Total;2017;22,7
De 25 a 64 años;Nivel 3-4;Total;2016;22,6
De 25 a 64 años;Nivel 3-4;Total;2015;22,4
De 25 a 64 años;Nivel 3-4;Total;2014;21,9
De 25 a 64 años;Nivel 3-4;Total;2013;21,7
De 25 a 64 años;Nivel 3-4;Total;2012;22,0
De 25 a 64 años;Nivel 3-4;Total;2011;22,1
De 25 a 64 años;Nivel 3-4;Total;2010;21,9
De 25 a 64 años;Nivel 3-4;Total;2009;21,6
De 25 a 64 años;Nivel 3-4;Total;2008;21,6
De 25 a 64 años;Nivel 3-4;Total;2007;21,4
De 25 a 64 años;Nivel 3-4;Total;2006;20,9
De 25 a 64 años;Nivel 3-4;Total;2005;20,2
De 25 a 64 años;Nivel 3-4;Total;2004;18,6
De 25 a 64 años;Nivel 3-4;Hombres;2023;23,0
De 25 a 64 años;Nivel 3-4;Hombres;2022;23,3
De 25 a 64 años;Nivel 3-4;Hombres;2021;23,0
De 25 a 64 años;Nivel 3-4;Hombres;2020;23,1
De 25 a 64 años;Nivel 3-4;Hombres;2019;22,5
De 25 a 64 años;Nivel 3-4;Hombres;2018;22,6
De 25 a 64 años;Nivel 3-4;Hombres;2017;22,7
De 25 a 64 años;Nivel 3-4;Hombres;2016;22,7
De 25 a 64 años;Nivel 3-4;Hombres;2015;22,7
De 25 a 64 años;Nivel 3-4;Hombres;2014;22,0
De 25 a 64 años;Nivel 3-4;Hombres;2013;21,4
De 25 a 64 años;Nivel 3-4;Hombres;2012;21,9
De 25 a 64 años;Nivel 3-4;Hombres;2011;22,0
De 25 a 64 años;Nivel 3-4;Hombres;2010;22,1
De 25 a 64 años;Nivel 3-4;Hombres;2009;21,7
De 25 a 64 años;Nivel 3-4;Hombres;2008;21,6
De 25 a 64 años;Nivel 3-4;Hombres;2007;21,7
De 25 a 64 años;Nivel 3-4;Hombres;2006;21,0
De 25 a 64 años;Nivel 3-4;Hombres;2005;20,4
De 25 a 64 años;Nivel 3-4;Hombres;2004;18,9
De 25 a 64 años;Nivel 3-4;Mujeres;2023;22,5
De 25 a 64 años;Nivel 3-4;Mujeres;2022;22,7
De 25 a 64 años;Nivel 3-4;Mujeres;2021;23,2
De 25 a 64 años;Nivel 3-4;Mujeres;2020;23,3
De 25 a 64 años;Nivel 3-4;Mujeres;2019;23,0
De 25 a 64 años;Nivel 3-4;Mujeres;2018;23,1
De 25 a 64 años;Nivel 3-4;Mujeres;2017;22,7
De 25 a 64 años;Nivel 3-4;Mujeres;2016;22,5
De 25 a 64 años;Nivel 3-4;Mujeres;2015;22,0
De 25 a 64 años;Nivel 3-4;Mujeres;2014;21,9
De 25 a 64 años;Nivel 3-4;Mujeres;2013;22,1
De 25 a 64 años;Nivel 3-4;Mujeres;2012;22,2
De 25 a 64 años;Nivel 3-4;Mujeres;2011;22,2
De 25 a 64 años;Nivel 3-4;Mujeres;2010;21,6
De 25 a 64 años;Nivel 3-4;Mujeres;2009;21,5
De 25 a 64 años;Nivel 3-4;Mujeres;2008;21,5
De 25 a 64 años;Nivel 3-4;Mujeres;2007;21,1
De 25 a 64 años;Nivel 3-4;Mujeres;2006;20,8
De 25 a 64 años;Nivel 3-4;Mujeres;2005;20,1
De 25 a 64 años;Nivel 3-4;Mujeres;2004;18,4
De 25 a 64 años;Nivel 5-8;Total;2023;41,4
De 25 a 64 años;Nivel 5-8;Total;2022;40,7
De 25 a 64 años;Nivel 5-8;Total;2021;40,4
De 25 a 64 años;Nivel 5-8;Total;2020;39,7
De 25 a 64 años;Nivel 5-8;Total;2019;38,6
De 25 a 64 años;Nivel 5-8;Total;2018;37,3
De 25 a 64 años;Nivel 5-8;Total;2017;36,4
De 25 a 64 años;Nivel 5-8;Total;2016;35,7
De 25 a 64 años;Nivel 5-8;Total;2015;35,1
De 25 a 64 años;Nivel 5-8;Total;2014;34,7
De 25 a 64 años;Nivel 5-8;Total;2013;33,7
De 25 a 64 años;Nivel 5-8;Total;2012;32,6
De 25 a 64 años;Nivel 5-8;Total;2011;31,9
De 25 a 64 años;Nivel 5-8;Total;2010;31,0
De 25 a 64 años;Nivel 5-8;Total;2009;30,0
De 25 a 64 años;Nivel 5-8;Total;2008;29,5
De 25 a 64 años;Nivel 5-8;Total;2007;29,3
De 25 a 64 años;Nivel 5-8;Total;2006;28,8
De 25 a 64 años;Nivel 5-8;Total;2005;28,5
De 25 a 64 años;Nivel 5-8;Total;2004;26,7
De 25 a 64 años;Nivel 5-8;Hombres;2023;37,9
De 25 a 64 años;Nivel 5-8;Hombres;2022;37,1
De 25 a 64 años;Nivel 5-8;Hombres;2021;37,1
De 25 a 64 años;Nivel 5-8;Hombres;2020;36,7
De 25 a 64 años;Nivel 5-8;Hombres;2019;35,8
De 25 a 64 años;Nivel 5-8;Hombres;2018;34,6
De 25 a 64 años;Nivel 5-8;Hombres;2017;33,8
De 25 a 64 años;Nivel 5-8;Hombres;2016;33,0
De 25 a 64 años;Nivel 5-8;Hombres;2015;32,7
De 25 a 64 años;Nivel 5-8;Hombres;2014;32,8
De 25 a 64 años;Nivel 5-8;Hombres;2013;32,0
De 25 a 64 años;Nivel 5-8;Hombres;2012;31,1
De 25 a 64 años;Nivel 5-8;Hombres;2011;30,5
De 25 a 64 años;Nivel 5-8;Hombres;2010;29,6
De 25 a 64 años;Nivel 5-8;Hombres;2009;28,9
De 25 a 64 años;Nivel 5-8;Hombres;2008;28,9
De 25 a 64 años;Nivel 5-8;Hombres;2007;28,6
De 25 a 64 años;Nivel 5-8;Hombres;2006;28,3
De 25 a 64 años;Nivel 5-8;Hombres;2005;28,2
De 25 a 64 años;Nivel 5-8;Hombres;2004;26,5
De 25 a 64 años;Nivel 5-8;Mujeres;2023;45,0
De 25 a 64 años;Nivel 5-8;Mujeres;2022;44,3
De 25 a 64 años;Nivel 5-8;Mujeres;2021;43,6
De 25 a 64 años;Nivel 5-8;Mujeres;2020;42,7
De 25 a 64 años;Nivel 5-8;Mujeres;2019;41,3
De 25 a 64 años;Nivel 5-8;Mujeres;2018;39,8
De 25 a 64 años;Nivel 5-8;Mujeres;2017;38,9
De 25 a 64 años;Nivel 5-8;Mujeres;2016;38,4
De 25 a 64 años;Nivel 5-8;Mujeres;2015;37,5
De 25 a 64 años;Nivel 5-8;Mujeres;2014;36,5
De 25 a 64 años;Nivel 5-8;Mujeres;2013;35,4
De 25 a 64 años;Nivel 5-8;Mujeres;2012;34,2
De 25 a 64 años;Nivel 5-8;Mujeres;2011;33,3
De 25 a 64 años;Nivel 5-8;Mujeres;2010;32,5
De 25 a 64 años;Nivel 5-8;Mujeres;2009;31,1
De 25 a 64 años;Nivel 5-8;Mujeres;2008;30,2
De 25 a 64 años;Nivel 5-8;Mujeres;2007;30,0
De 25 a 64 años;Nivel 5-8;Mujeres;2006;29,4
De 25 a 64 años;Nivel 5-8;Mujeres;2005;28,8
De 25 a 64 años;Nivel 5-8;Mujeres;2004;27,0
De 65 y más años;Nivel 0-2;Total;2023;71,2
De 65 y más años;Nivel 0-2;Total;2022;72,2
De 65 y más años;Nivel 0-2;Total;2021;73,2
De 65 y más años;Nivel 0-2;Total;2020;74,9
De 65 y más años;Nivel 0-2;Total;2019;76,9
De 65 y más años;Nivel 0-2;Total;2018;78,7
De 65 y más años;Nivel 0-2;Total;2017;79,8
De 65 y más años;Nivel 0-2;Total;2016;81,0
De 65 y más años;Nivel 0-2;Total;2015;82,2
De 65 y más años;Nivel 0-2;Total;2014;82,8
De 65 y más años;Nivel 0-2;Total;2013;83,1
De 65 y más años;Nivel 0-2;Total;2012;84,5
De 65 y más años;Nivel 0-2;Total;2011;84,7
De 65 y más años;Nivel 0-2;Total;2010;85,5
De 65 y más años;Nivel 0-2;Total;2009;86,5
De 65 y más años;Nivel 0-2;Total;2008;87,1
De 65 y más años;Nivel 0-2;Total;2007;87,4
De 65 y más años;Nivel 0-2;Total;2006;87,8
De 65 y más años;Nivel 0-2;Total;2005;88,7
De 65 y más años;Nivel 0-2;Total;2004;90,5
De 65 y más años;Nivel 0-2;Hombres;2023;65,6
De 65 y más años;Nivel 0-2;Hombres;2022;66,5
De 65 y más años;Nivel 0-2;Hombres;2021;67,1
De 65 y más años;Nivel 0-2;Hombres;2020;68,9
De 65 y más años;Nivel 0-2;Hombres;2019;71,0
De 65 y más años;Nivel 0-2;Hombres;2018;72,8
De 65 y más años;Nivel 0-2;Hombres;2017;73,6
De 65 y más años;Nivel 0-2;Hombres;2016;74,9
De 65 y más años;Nivel 0-2;Hombres;2015;76,5
De 65 y más años;Nivel 0-2;Hombres;2014;77,2
De 65 y más años;Nivel 0-2;Hombres;2013;77,3
De 65 y más años;Nivel 0-2;Hombres;2012;79,1
De 65 y más años;Nivel 0-2;Hombres;2011;79,0
De 65 y más años;Nivel 0-2;Hombres;2010;79,6
De 65 y más años;Nivel 0-2;Hombres;2009;81,4
De 65 y más años;Nivel 0-2;Hombres;2008;82,3
De 65 y más años;Nivel 0-2;Hombres;2007;82,5
De 65 y más años;Nivel 0-2;Hombres;2006;82,9
De 65 y más años;Nivel 0-2;Hombres;2005;84,0
De 65 y más años;Nivel 0-2;Hombres;2004;86,1
De 65 y más años;Nivel 0-2;Mujeres;2023;75,5
De 65 y más años;Nivel 0-2;Mujeres;2022;76,7
De 65 y más años;Nivel 0-2;Mujeres;2021;77,9
De 65 y más años;Nivel 0-2;Mujeres;2020;79,6
De 65 y más años;Nivel 0-2;Mujeres;2019;81,5
De 65 y más años;Nivel 0-2;Mujeres;2018;83,2
De 65 y más años;Nivel 0-2;Mujeres;2017;84,6
De 65 y más años;Nivel 0-2;Mujeres;2016;85,7
De 65 y más años;Nivel 0-2;Mujeres;2015;86,7
De 65 y más años;Nivel 0-2;Mujeres;2014;87,1
De 65 y más años;Nivel 0-2;Mujeres;2013;87,6
De 65 y más años;Nivel 0-2;Mujeres;2012;88,6
De 65 y más años;Nivel 0-2;Mujeres;2011;89,1
De 65 y más años;Nivel 0-2;Mujeres;2010;90,0
De 65 y más años;Nivel 0-2;Mujeres;2009;90,4
De 65 y más años;Nivel 0-2;Mujeres;2008;90,8
De 65 y más años;Nivel 0-2;Mujeres;2007;91,2
De 65 y más años;Nivel 0-2;Mujeres;2006;91,5
De 65 y más años;Nivel 0-2;Mujeres;2005;92,1
De 65 y más años;Nivel 0-2;Mujeres;2004;93,8
De 65 y más años;Nivel 3-8;Total;2023;28,8
De 65 y más años;Nivel 3-8;Total;2022;27,8
De 65 y más años;Nivel 3-8;Total;2021;26,8
De 65 y más años;Nivel 3-8;Total;2020;25,1
De 65 y más años;Nivel 3-8;Total;2019;23,1
De 65 y más años;Nivel 3-8;Total;2018;21,3
De 65 y más años;Nivel 3-8;Total;2017;20,2
De 65 y más años;Nivel 3-8;Total;2016;19,0
De 65 y más años;Nivel 3-8;Total;2015;17,8
De 65 y más años;Nivel 3-8;Total;2014;17,2
De 65 y más años;Nivel 3-8;Total;2013;16,9
De 65 y más años;Nivel 3-8;Total;2012;15,5
De 65 y más años;Nivel 3-8;Total;2011;15,3
De 65 y más años;Nivel 3-8;Total;2010;14,5
De 65 y más años;Nivel 3-8;Total;2009;13,6
De 65 y más años;Nivel 3-8;Total;2008;12,9
De 65 y más años;Nivel 3-8;Total;2007;12,6
De 65 y más años;Nivel 3-8;Total;2006;12,3
De 65 y más años;Nivel 3-8;Total;2005;11,4
De 65 y más años;Nivel 3-8;Total;2004;9,5
De 65 y más años;Nivel 3-8;Hombres;2023;34,4
De 65 y más años;Nivel 3-8;Hombres;2022;33,5
De 65 y más años;Nivel 3-8;Hombres;2021;32,9
De 65 y más años;Nivel 3-8;Hombres;2020;31,1
De 65 y más años;Nivel 3-8;Hombres;2019;29,0
De 65 y más años;Nivel 3-8;Hombres;2018;27,2
De 65 y más años;Nivel 3-8;Hombres;2017;26,4
De 65 y más años;Nivel 3-8;Hombres;2016;25,1
De 65 y más años;Nivel 3-8;Hombres;2015;23,5
De 65 y más años;Nivel 3-8;Hombres;2014;22,8
De 65 y más años;Nivel 3-8;Hombres;2013;22,7
De 65 y más años;Nivel 3-8;Hombres;2012;21,0
De 65 y más años;Nivel 3-8;Hombres;2011;21,1
De 65 y más años;Nivel 3-8;Hombres;2010;20,5
De 65 y más años;Nivel 3-8;Hombres;2009;18,7
De 65 y más años;Nivel 3-8;Hombres;2008;17,8
De 65 y más años;Nivel 3-8;Hombres;2007;17,6
De 65 y más años;Nivel 3-8;Hombres;2006;17,2
De 65 y más años;Nivel 3-8;Hombres;2005;16,1
De 65 y más años;Nivel 3-8;Hombres;2004;14,0
De 65 y más años;Nivel 3-8;Mujeres;2023;24,5
De 65 y más años;Nivel 3-8;Mujeres;2022;23,3
De 65 y más años;Nivel 3-8;Mujeres;2021;22,1
De 65 y más años;Nivel 3-8;Mujeres;2020;20,4
De 65 y más años;Nivel 3-8;Mujeres;2019;18,5
De 65 y más años;Nivel 3-8;Mujeres;2018;16,8
De 65 y más años;Nivel 3-8;Mujeres;2017;15,3
De 65 y más años;Nivel 3-8;Mujeres;2016;14,3
De 65 y más años;Nivel 3-8;Mujeres;2015;13,3
De 65 y más años;Nivel 3-8;Mujeres;2014;12,9
De 65 y más años;Nivel 3-8;Mujeres;2013;12,5
De 65 y más años;Nivel 3-8;Mujeres;2012;11,4
De 65 y más años;Nivel 3-8;Mujeres;2011;10,9
De 65 y más años;Nivel 3-8;Mujeres;2010;10,1
De 65 y más años;Nivel 3-8;Mujeres;2009;9,7
De 65 y más años;Nivel 3-8;Mujeres;2008;9,3
De 65 y más años;Nivel 3-8;Mujeres;2007;9,0
De 65 y más años;Nivel 3-8;Mujeres;2006;8,6
De 65 y más años;Nivel 3-8;Mujeres;2005;7,9
De 65 y más años;Nivel 3-8;Mujeres;2004;6,2
De 65 y más años;Nivel 3-4;Total;2023;12,2
De 65 y más años;Nivel 3-4;Total;2022;11,3
De 65 y más años;Nivel 3-4;Total;2021;10,7
De 65 y más años;Nivel 3-4;Total;2020;10,0
De 65 y más años;Nivel 3-4;Total;2019;9,4
De 65 y más años;Nivel 3-4;Total;2018;8,7
De 65 y más años;Nivel 3-4;Total;2017;8,0
De 65 y más años;Nivel 3-4;Total;2016;7,4
De 65 y más años;Nivel 3-4;Total;2015;6,7
De 65 y más años;Nivel 3-4;Total;2014;6,5
De 65 y más años;Nivel 3-4;Total;2013;7,0
De 65 y más años;Nivel 3-4;Total;2012;6,5
De 65 y más años;Nivel 3-4;Total;2011;6,2
De 65 y más años;Nivel 3-4;Total;2010;5,8
De 65 y más años;Nivel 3-4;Total;2009;5,6
De 65 y más años;Nivel 3-4;Total;2008;5,3
De 65 y más años;Nivel 3-4;Total;2007;5,3
De 65 y más años;Nivel 3-4;Total;2006;5,6
De 65 y más años;Nivel 3-4;Total;2005;5,1
De 65 y más años;Nivel 3-4;Total;2004;4,1
De 65 y más años;Nivel 3-4;Hombres;2023;13,2
De 65 y más años;Nivel 3-4;Hombres;2022;12,5
De 65 y más años;Nivel 3-4;Hombres;2021;11,9
De 65 y más años;Nivel 3-4;Hombres;2020;11,0
De 65 y más años;Nivel 3-4;Hombres;2019;10,3
De 65 y más años;Nivel 3-4;Hombres;2018;9,6
De 65 y más años;Nivel 3-4;Hombres;2017;9,1
De 65 y más años;Nivel 3-4;Hombres;2016;8,7
De 65 y más años;Nivel 3-4;Hombres;2015;7,7
De 65 y más años;Nivel 3-4;Hombres;2014;7,4
De 65 y más años;Nivel 3-4;Hombres;2013;8,0
De 65 y más años;Nivel 3-4;Hombres;2012;7,6
De 65 y más años;Nivel 3-4;Hombres;2011;7,3
De 65 y más años;Nivel 3-4;Hombres;2010;7,2
De 65 y más años;Nivel 3-4;Hombres;2009;6,8
De 65 y más años;Nivel 3-4;Hombres;2008;6,4
De 65 y más años;Nivel 3-4;Hombres;2007;6,4
De 65 y más años;Nivel 3-4;Hombres;2006;6,9
De 65 y más años;Nivel 3-4;Hombres;2005;6,5
De 65 y más años;Nivel 3-4;Hombres;2004;5,5
De 65 y más años;Nivel 3-4;Mujeres;2023;11,3
De 65 y más años;Nivel 3-4;Mujeres;2022;10,4
De 65 y más años;Nivel 3-4;Mujeres;2021;9,8
De 65 y más años;Nivel 3-4;Mujeres;2020;9,2
De 65 y más años;Nivel 3-4;Mujeres;2019;8,6
De 65 y más años;Nivel 3-4;Mujeres;2018;7,9
De 65 y más años;Nivel 3-4;Mujeres;2017;7,1
De 65 y más años;Nivel 3-4;Mujeres;2016;6,4
De 65 y más años;Nivel 3-4;Mujeres;2015;5,9
De 65 y más años;Nivel 3-4;Mujeres;2014;5,8
De 65 y más años;Nivel 3-4;Mujeres;2013;6,3
De 65 y más años;Nivel 3-4;Mujeres;2012;5,7
De 65 y más años;Nivel 3-4;Mujeres;2011;5,3
De 65 y más años;Nivel 3-4;Mujeres;2010;4,8
De 65 y más años;Nivel 3-4;Mujeres;2009;4,6
De 65 y más años;Nivel 3-4;Mujeres;2008;4,5
De 65 y más años;Nivel 3-4;Mujeres;2007;4,6
De 65 y más años;Nivel 3-4;Mujeres;2006;4,6
De 65 y más años;Nivel 3-4;Mujeres;2005;4,1
De 65 y más años;Nivel 3-4;Mujeres;2004;3,0
De 65 y más años;Nivel 5-8;Total;2023;16,7
De 65 y más años;Nivel 5-8;Total;2022;16,5
De 65 y más años;Nivel 5-8;Total;2021;16,1
De 65 y más años;Nivel 5-8;Total;2020;15,1
De 65 y más años;Nivel 5-8;Total;2019;13,8
De 65 y más años;Nivel 5-8;Total;2018;12,7
De 65 y más años;Nivel 5-8;Total;2017;12,2
De 65 y más años;Nivel 5-8;Total;2016;11,6
De 65 y más años;Nivel 5-8;Total;2015;11,1
De 65 y más años;Nivel 5-8;Total;2014;10,7
De 65 y más años;Nivel 5-8;Total;2013;9,9
De 65 y más años;Nivel 5-8;Total;2012;9,0
De 65 y más años;Nivel 5-8;Total;2011;9,1
De 65 y más años;Nivel 5-8;Total;2010;8,7
De 65 y más años;Nivel 5-8;Total;2009;8,0
De 65 y más años;Nivel 5-8;Total;2008;7,6
De 65 y más años;Nivel 5-8;Total;2007;7,3
De 65 y más años;Nivel 5-8;Total;2006;6,7
De 65 y más años;Nivel 5-8;Total;2005;6,3
De 65 y más años;Nivel 5-8;Total;2004;5,4
De 65 y más años;Nivel 5-8;Hombres;2023;21,2
De 65 y más años;Nivel 5-8;Hombres;2022;21,1
De 65 y más años;Nivel 5-8;Hombres;2021;21,0
De 65 y más años;Nivel 5-8;Hombres;2020;20,1
De 65 y más años;Nivel 5-8;Hombres;2019;18,6
De 65 y más años;Nivel 5-8;Hombres;2018;17,6
De 65 y más años;Nivel 5-8;Hombres;2017;17,3
De 65 y más años;Nivel 5-8;Hombres;2016;16,4
De 65 y más años;Nivel 5-8;Hombres;2015;15,8
De 65 y más años;Nivel 5-8;Hombres;2014;15,4
De 65 y más años;Nivel 5-8;Hombres;2013;14,7
De 65 y más años;Nivel 5-8;Hombres;2012;13,4
De 65 y más años;Nivel 5-8;Hombres;2011;13,8
De 65 y más años;Nivel 5-8;Hombres;2010;13,3
De 65 y más años;Nivel 5-8;Hombres;2009;11,9
De 65 y más años;Nivel 5-8;Hombres;2008;11,4
De 65 y más años;Nivel 5-8;Hombres;2007;11,2
De 65 y más años;Nivel 5-8;Hombres;2006;10,3
De 65 y más años;Nivel 5-8;Hombres;2005;9,6
De 65 y más años;Nivel 5-8;Hombres;2004;8,5
De 65 y más años;Nivel 5-8;Mujeres;2023;13,2
De 65 y más años;Nivel 5-8;Mujeres;2022;12,9
De 65 y más años;Nivel 5-8;Mujeres;2021;12,3
De 65 y más años;Nivel 5-8;Mujeres;2020;11,2
De 65 y más años;Nivel 5-8;Mujeres;2019;9,9
De 65 y más años;Nivel 5-8;Mujeres;2018;8,9
De 65 y más años;Nivel 5-8;Mujeres;2017;8,2
De 65 y más años;Nivel 5-8;Mujeres;2016;7,9
De 65 y más años;Nivel 5-8;Mujeres;2015;7,4
De 65 y más años;Nivel 5-8;Mujeres;2014;7,1
De 65 y más años;Nivel 5-8;Mujeres;2013;6,2
De 65 y más años;Nivel 5-8;Mujeres;2012;5,7
De 65 y más años;Nivel 5-8;Mujeres;2011;5,6
De 65 y más años;Nivel 5-8;Mujeres;2010;5,3
De 65 y más años;Nivel 5-8;Mujeres;2009;5,1
De 65 y más años;Nivel 5-8;Mujeres;2008;4,8
De 65 y más años;Nivel 5-8;Mujeres;2007;4,4
De 65 y más años;Nivel 5-8;Mujeres;2006;4,0
De 65 y más años;Nivel 5-8;Mujeres;2005;3,8
De 65 y más años;Nivel 5-8;Mujeres;2004;3,2
